{"cameraMode":{"drawMode":0,"name":"Shaded","section":"Shading Mode"},"sceneLighting":true,"audioPlay":false,"sceneViewState":{"m_AlwaysRefresh":false,"showFog":true,"showSkybox":true,"showFlares":true,"showImageEffects":true,"showParticleSystems":true,"showVisualEffectGraphs":true,"m_FxEnabled":true},"in2DMode":false,"pivot":{"x":0.12365129590034485,"y":1.5840286016464234,"z":107.426025390625},"rotation":{"x":0.04101148992776871,"y":0.9462324380874634,"z":-0.13286253809928895,"w":0.29208019375801089},"size":1.1583954095840455,"orthographic":false}