{"cameraMode":{"drawMode":0,"name":"Shaded","section":"Shading Mode"},"sceneLighting":false,"audioPlay":false,"sceneViewState":{"m_AlwaysRefresh":false,"showFog":false,"showSkybox":false,"showFlares":false,"showImageEffects":false,"showParticleSystems":false,"showVisualEffectGraphs":true,"m_FxEnabled":true},"in2DMode":false,"pivot":{"x":0.0005855560302734375,"y":0.7918130159378052,"z":0.014100953936576844},"rotation":{"x":0.012845787219703198,"y":-0.9870409965515137,"z":0.12051879614591599,"w":0.10521339625120163},"size":1.118951678276062,"orthographic":false}